{"pitch": [-5.471939519369142, 31.662042166553515, 128.35921035405332, 23.457717304750435], "energy": [-1.3135011196110191, 4.010125705172538, 52.34574563005403, 39.852075379696466]}