{"pitch": [-6.4656790955617005, 27.637353307988658, 132.78777752518292, 21.228607931940036], "energy": [-1.7178736925125122, 3.82893705368042, 66.81665997810707, 39.900694013430055]}